train,validation
3.5547008514404297,3.4816877841949463
3.361076593399048,3.0786523818969727
2.875666856765747,2.4320449829101562
2.6748926639556885,2.278322696685791
2.5767385959625244,2.110959529876709
2.526132106781006,2.0792598724365234
2.5153119564056396,2.10941481590271
2.4580981731414795,2.0071043968200684
2.4441444873809814,2.010049819946289
2.4349796772003174,2.0488743782043457
2.4404966831207275,2.057892322540283
2.420790195465088,2.0494818687438965
2.41200852394104,2.052056312561035
